Name,PositionForSpring2018,PositionForFall2017,YearOfStudy,Major,ActiveYears
Sanay Shah,President,President,Senior,Industrial Engineering,4
Yash Nain,Social Head,Social Head,Senior,Multidisciplinary Engineering,4
Alex Ruffino,ROV Committee Chair,ROV Committee Chair,Junior,Mechanical Engineering,3
Apoorva Bhagwat,EMBS Chair,EMBS Chair,Junior,Biomedical Engineering,3
Justin Joco,Learning Head,Learning Head,Senior,Electrical Engineering,2.5
Adrian White,Racing Committee Chair,Racing Committee Chair,Senior,Electrical Engineering,2
Ellie Topi,Growth and Engagement Head,,Senior,Mechanical Engineering Technology,2
Ellie Topi,Aerial Robotics Committee Chair,Aerial Robotics Committee Chair,Senior,Mechanical Engineering Technology,2
Ian Sibley,Software Saturdays Committee Chair,Software Saturdays Committee Chair,Junior,Computer Engineering,2
Jessica Chin,Vice President,Secretary,Sophomore,Electrical Engineering,2
Michael Anderson,Treasurer,Treasurer,Senior,Industrial Engineering,2
Raghav Malik,Computer Society Chair,Computer Society Chair,Junior,Computer Engineering,2
Joven Garces,Industrial Relations Head,,Sophomore,Computer Engineering,1.5
Rayane Chatrieux,MTT-S Chair,,Senior,Electrical Engineering,1.5
Efe Tas,Secretary,,Junior,Computer Engineering,1
